{"assets/font/Roboto-Black.ttf":["assets/font/Roboto-Black.ttf"],"assets/font/Roboto-Bold.ttf":["assets/font/Roboto-Bold.ttf"],"assets/font/Roboto-Medium.ttf":["assets/font/Roboto-Medium.ttf"],"assets/font/Roboto-Regular.ttf":["assets/font/Roboto-Regular.ttf"],"assets/image/Search.png":["assets/image/Search.png"],"assets/image/about_icon.png":["assets/image/about_icon.png"],"assets/image/about_us.png":["assets/image/about_us.png"],"assets/image/address_home_icon.png":["assets/image/address_home_icon.png"],"assets/image/address_icon.png":["assets/image/address_icon.png"],"assets/image/address_location_icon.png":["assets/image/address_location_icon.png"],"assets/image/address_ocffice_icon.png":["assets/image/address_ocffice_icon.png"],"assets/image/announcement.png":["assets/image/announcement.png"],"assets/image/apple_logo.png":["assets/image/apple_logo.png"],"assets/image/arabic.png":["assets/image/arabic.png"],"assets/image/bangla.png":["assets/image/bangla.png"],"assets/image/bank_info.png":["assets/image/bank_info.png"],"assets/image/bonus_icon.svg":["assets/image/bonus_icon.svg"],"assets/image/calender.png":["assets/image/calender.png"],"assets/image/call.png":["assets/image/call.png"],"assets/image/cancel.gif":["assets/image/cancel.gif"],"assets/image/cancel.svg":["assets/image/cancel.svg"],"assets/image/cancelation.png":["assets/image/cancelation.png"],"assets/image/cancelation_icon.png":["assets/image/cancelation_icon.png"],"assets/image/cancellation_icon.png":["assets/image/cancellation_icon.png"],"assets/image/card_decor.svg":["assets/image/card_decor.svg"],"assets/image/cash.png":["assets/image/cash.png"],"assets/image/cash_on_delivery.png":["assets/image/cash_on_delivery.png"],"assets/image/chat.png":["assets/image/chat.png"],"assets/image/chat_icon.png":["assets/image/chat_icon.png"],"assets/image/chat_image.png":["assets/image/chat_image.png"],"assets/image/check.gif":["assets/image/check.gif"],"assets/image/check.svg":["assets/image/check.svg"],"assets/image/checked.png":["assets/image/checked.png"],"assets/image/city.png":["assets/image/city.png"],"assets/image/city_white.png":["assets/image/city_white.png"],"assets/image/cod_icon.png":["assets/image/cod_icon.png"],"assets/image/congratulation_dark.gif":["assets/image/congratulation_dark.gif"],"assets/image/congratulation_light.gif":["assets/image/congratulation_light.gif"],"assets/image/cooking.gif":["assets/image/cooking.gif"],"assets/image/coupon.png":["assets/image/coupon.png"],"assets/image/coupon_bg.png":["assets/image/coupon_bg.png"],"assets/image/coupon_bg_dark.png":["assets/image/coupon_bg_dark.png"],"assets/image/coupon_bg_light.png":["assets/image/coupon_bg_light.png"],"assets/image/coupon_icon.png":["assets/image/coupon_icon.png"],"assets/image/coupon_icon1.png":["assets/image/coupon_icon1.png"],"assets/image/credit_icon.png":["assets/image/credit_icon.png"],"assets/image/credit_icon_wallet.png":["assets/image/credit_icon_wallet.png"],"assets/image/cuisine_bg.png":["assets/image/cuisine_bg.png"],"assets/image/cutlery.png":["assets/image/cutlery.png"],"assets/image/debit.png":["assets/image/debit.png"],"assets/image/debit_icon_wallet.png":["assets/image/debit_icon_wallet.png"],"assets/image/delete_icon.png":["assets/image/delete_icon.png"],"assets/image/delivery-man.gif":["assets/image/delivery-man.gif"],"assets/image/delivery_icon.png":["assets/image/delivery_icon.png"],"assets/image/delivery_location.png":["assets/image/delivery_location.png"],"assets/image/delivery_man_join.png":["assets/image/delivery_man_join.png"],"assets/image/delivery_man_marker.png":["assets/image/delivery_man_marker.png"],"assets/image/dialog_warning.png":["assets/image/dialog_warning.png"],"assets/image/digital_payment.png":["assets/image/digital_payment.png"],"assets/image/distance_km.png":["assets/image/distance_km.png"],"assets/image/dm_icon.png":["assets/image/dm_icon.png"],"assets/image/dm_registration_success.svg":["assets/image/dm_registration_success.svg"],"assets/image/documents.png":["assets/image/documents.png"],"assets/image/earn_money.png":["assets/image/earn_money.png"],"assets/image/edit_delivery.png":["assets/image/edit_delivery.png"],"assets/image/efood.png":["assets/image/efood.png"],"assets/image/empty_address.png":["assets/image/empty_address.png"],"assets/image/empty_address.svg":["assets/image/empty_address.svg"],"assets/image/empty_cart.png":["assets/image/empty_cart.png"],"assets/image/empty_cart.svg":["assets/image/empty_cart.svg"],"assets/image/empty_chat.svg":["assets/image/empty_chat.svg"],"assets/image/empty_coupon.svg":["assets/image/empty_coupon.svg"],"assets/image/empty_food.svg":["assets/image/empty_food.svg"],"assets/image/empty_notification.svg":["assets/image/empty_notification.svg"],"assets/image/empty_order.svg":["assets/image/empty_order.svg"],"assets/image/empty_restaurant.svg":["assets/image/empty_restaurant.svg"],"assets/image/empty_serch_food.svg":["assets/image/empty_serch_food.svg"],"assets/image/empty_transaction.svg":["assets/image/empty_transaction.svg"],"assets/image/empty_wishlist.svg":["assets/image/empty_wishlist.svg"],"assets/image/english.png":["assets/image/english.png"],"assets/image/enjoy_off.png":["assets/image/enjoy_off.png"],"assets/image/facebook.png":["assets/image/facebook.png"],"assets/image/facebook_icon.png":["assets/image/facebook_icon.png"],"assets/image/favourite_icon.svg":["assets/image/favourite_icon.svg"],"assets/image/food_placeholder.svg":["assets/image/food_placeholder.svg"],"assets/image/forget_icon.png":["assets/image/forget_icon.png"],"assets/image/forgot.png":["assets/image/forgot.png"],"assets/image/free_delivery.png":["assets/image/free_delivery.png"],"assets/image/fullscreen.png":["assets/image/fullscreen.png"],"assets/image/gift_box1.gif":["assets/image/gift_box1.gif"],"assets/image/giftbox.gif":["assets/image/giftbox.gif"],"assets/image/google.png":["assets/image/google.png"],"assets/image/guest.png":["assets/image/guest.png"],"assets/image/guest_icon.png":["assets/image/guest_icon.png"],"assets/image/guest_icon_light.png":["assets/image/guest_icon_light.png"],"assets/image/halal_icon.png":["assets/image/halal_icon.png"],"assets/image/handover.gif":["assets/image/handover.gif"],"assets/image/help_address.png":["assets/image/help_address.png"],"assets/image/help_email.png":["assets/image/help_email.png"],"assets/image/help_icon.png":["assets/image/help_icon.png"],"assets/image/help_phone.png":["assets/image/help_phone.png"],"assets/image/home_delivery.png":["assets/image/home_delivery.png"],"assets/image/home_icon.png":["assets/image/home_icon.png"],"assets/image/house.png":["assets/image/house.png"],"assets/image/house_icon.png":["assets/image/house_icon.png"],"assets/image/image.svg":["assets/image/image.svg"],"assets/image/instagram.png":["assets/image/instagram.png"],"assets/image/items_count.png":["assets/image/items_count.png"],"assets/image/l_restaurant.png":["assets/image/l_restaurant.png"],"assets/image/landing_app_store.png":["assets/image/landing_app_store.png"],"assets/image/landing_google_play.png":["assets/image/landing_google_play.png"],"assets/image/language.png":["assets/image/language.png"],"assets/image/language_bg.png":["assets/image/language_bg.png"],"assets/image/language_bg.svg":["assets/image/language_bg.svg"],"assets/image/language_icon.png":["assets/image/language_icon.png"],"assets/image/last_order_review_icon.svg":["assets/image/last_order_review_icon.svg"],"assets/image/linkedin.png":["assets/image/linkedin.png"],"assets/image/location.png":["assets/image/location.png"],"assets/image/location_confirm.png":["assets/image/location_confirm.png"],"assets/image/location_marker.png":["assets/image/location_marker.png"],"assets/image/lock.png":["assets/image/lock.png"],"assets/image/log_out.png":["assets/image/log_out.png"],"assets/image/logo.png":["assets/image/logo.png"],"assets/image/loyal.png":["assets/image/loyal.png"],"assets/image/loyalty_convert_icon.png":["assets/image/loyalty_convert_icon.png"],"assets/image/loyalty_icon.png":["assets/image/loyalty_icon.png"],"assets/image/mail.png":["assets/image/mail.png"],"assets/image/maintenance.png":["assets/image/maintenance.png"],"assets/image/map.png":["assets/image/map.png"],"assets/image/message.png":["assets/image/message.png"],"assets/image/message_empty.svg":["assets/image/message_empty.svg"],"assets/image/messenger_icon.png":["assets/image/messenger_icon.png"],"assets/image/money.png":["assets/image/money.png"],"assets/image/more_icon.png":["assets/image/more_icon.png"],"assets/image/my_location_marker.png":["assets/image/my_location_marker.png"],"assets/image/near_restaurant.png":["assets/image/near_restaurant.png"],"assets/image/near_restaurant_web.png":["assets/image/near_restaurant_web.png"],"assets/image/nearby_location.png":["assets/image/nearby_location.png"],"assets/image/nearby_restaurant.png":["assets/image/nearby_restaurant.png"],"assets/image/nearby_restaurants.png":["assets/image/nearby_restaurants.png"],"assets/image/nearby_restaurants.svg":["assets/image/nearby_restaurants.svg"],"assets/image/no_address.png":["assets/image/no_address.png"],"assets/image/no_coupon.png":["assets/image/no_coupon.png"],"assets/image/no_food.png":["assets/image/no_food.png"],"assets/image/no_internet.png":["assets/image/no_internet.png"],"assets/image/no_restaurants.png":["assets/image/no_restaurants.png"],"assets/image/non_veg.png":["assets/image/non_veg.png"],"assets/image/non_veg_logo.png":["assets/image/non_veg_logo.png"],"assets/image/note.png":["assets/image/note.png"],"assets/image/notification_placeholder.png":["assets/image/notification_placeholder.png"],"assets/image/office_icon.png":["assets/image/office_icon.png"],"assets/image/offline_payment_icon.png":["assets/image/offline_payment_icon.png"],"assets/image/on_the_way.gif":["assets/image/on_the_way.gif"],"assets/image/onboard_1.svg":["assets/image/onboard_1.svg"],"assets/image/onboard_2.svg":["assets/image/onboard_2.svg"],"assets/image/onboard_3.svg":["assets/image/onboard_3.svg"],"assets/image/onboard_frame_1.svg":["assets/image/onboard_frame_1.svg"],"assets/image/onboard_frame_2.svg":["assets/image/onboard_frame_2.svg"],"assets/image/onboard_frame_3.svg":["assets/image/onboard_frame_3.svg"],"assets/image/order_call.png":["assets/image/order_call.png"],"assets/image/order_confirm_icon.svg":["assets/image/order_confirm_icon.svg"],"assets/image/order_menu_icon.png":["assets/image/order_menu_icon.png"],"assets/image/order_on_the_way_icon.svg":["assets/image/order_on_the_way_icon.svg"],"assets/image/order_place_holder.png":["assets/image/order_place_holder.png"],"assets/image/orders.png":["assets/image/orders.png"],"assets/image/other_icon.png":["assets/image/other_icon.png"],"assets/image/partial_wallet.png":["assets/image/partial_wallet.png"],"assets/image/partial_wallet_transperant.png":["assets/image/partial_wallet_transperant.png"],"assets/image/payment_select.png":["assets/image/payment_select.png"],"assets/image/pdf.png":["assets/image/pdf.png"],"assets/image/pending.gif":["assets/image/pending.gif"],"assets/image/pending_for_all.gif":["assets/image/pending_for_all.gif"],"assets/image/percent_offer.png":["assets/image/percent_offer.png"],"assets/image/percent_tag.png":["assets/image/percent_tag.png"],"assets/image/picRestaurantMarker.svg":["assets/image/picRestaurantMarker.svg"],"assets/image/pick_marker.png":["assets/image/pick_marker.png"],"assets/image/pinterest.png":["assets/image/pinterest.png"],"assets/image/placeholder.jpg":["assets/image/placeholder.jpg"],"assets/image/placeholder.png":["assets/image/placeholder.png"],"assets/image/placeholder.svg":["assets/image/placeholder.svg"],"assets/image/point_icon.png":["assets/image/point_icon.png"],"assets/image/policy.png":["assets/image/policy.png"],"assets/image/preparing_food.gif":["assets/image/preparing_food.gif"],"assets/image/privacy_icon.png":["assets/image/privacy_icon.png"],"assets/image/processing.gif":["assets/image/processing.gif"],"assets/image/profile_bg.png":["assets/image/profile_bg.png"],"assets/image/profile_delete.png":["assets/image/profile_delete.png"],"assets/image/profile_icon.png":["assets/image/profile_icon.png"],"assets/image/profile_placeholder.svg":["assets/image/profile_placeholder.svg"],"assets/image/push_notification.svg":["assets/image/push_notification.svg"],"assets/image/refer_a_friend.png":["assets/image/refer_a_friend.png"],"assets/image/refer_bg.png":["assets/image/refer_bg.png"],"assets/image/refer_code.png":["assets/image/refer_code.png"],"assets/image/refer_icon.png":["assets/image/refer_icon.png"],"assets/image/refund.png":["assets/image/refund.png"],"assets/image/refund_icon.png":["assets/image/refund_icon.png"],"assets/image/regular_order.png":["assets/image/regular_order.png"],"assets/image/reset_lock.png":["assets/image/reset_lock.png"],"assets/image/restaurant_coupon.png":["assets/image/restaurant_coupon.png"],"assets/image/restaurant_cover.png":["assets/image/restaurant_cover.png"],"assets/image/restaurant_join.png":["assets/image/restaurant_join.png"],"assets/image/restaurant_marker.png":["assets/image/restaurant_marker.png"],"assets/image/restaurant_registration_success.svg":["assets/image/restaurant_registration_success.svg"],"assets/image/restaurants_placeholder.svg":["assets/image/restaurants_placeholder.svg"],"assets/image/route.png":["assets/image/route.png"],"assets/image/search_icon.png":["assets/image/search_icon.png"],"assets/image/send.svg":["assets/image/send.svg"],"assets/image/send_icon_web.png":["assets/image/send_icon_web.png"],"assets/image/shipping_icon.png":["assets/image/shipping_icon.png"],"assets/image/shipping_policy.png":["assets/image/shipping_policy.png"],"assets/image/shop_icon.svg":["assets/image/shop_icon.svg"],"assets/image/shopping_bag_icon.png":["assets/image/shopping_bag_icon.png"],"assets/image/spanish.png":["assets/image/spanish.png"],"assets/image/store_delivery_time_icon.png":["assets/image/store_delivery_time_icon.png"],"assets/image/store_icon.png":["assets/image/store_icon.png"],"assets/image/store_location_icon.png":["assets/image/store_location_icon.png"],"assets/image/subs1.png":["assets/image/subs1.png"],"assets/image/subs2.png":["assets/image/subs2.png"],"assets/image/subs3.png":["assets/image/subs3.png"],"assets/image/subscription_order.png":["assets/image/subscription_order.png"],"assets/image/support.png":["assets/image/support.png"],"assets/image/support_image.png":["assets/image/support_image.png"],"assets/image/takeaway.png":["assets/image/takeaway.png"],"assets/image/terms.png":["assets/image/terms.png"],"assets/image/terms_icon.png":["assets/image/terms_icon.png"],"assets/image/track_delivered.png":["assets/image/track_delivered.png"],"assets/image/track_on_the_way.png":["assets/image/track_on_the_way.png"],"assets/image/track_order_accept.png":["assets/image/track_order_accept.png"],"assets/image/track_order_place.png":["assets/image/track_order_place.png"],"assets/image/track_order_preparing.png":["assets/image/track_order_preparing.png"],"assets/image/tracking.png":["assets/image/tracking.png"],"assets/image/twitter.png":["assets/image/twitter.png"],"assets/image/unfavourite_icon.svg":["assets/image/unfavourite_icon.svg"],"assets/image/update.png":["assets/image/update.png"],"assets/image/user.png":["assets/image/user.png"],"assets/image/user_marker.png":["assets/image/user_marker.png"],"assets/image/vat_tax_icon.svg":["assets/image/vat_tax_icon.svg"],"assets/image/veg.png":["assets/image/veg.png"],"assets/image/vegetarian.png":["assets/image/vegetarian.png"],"assets/image/wallet.png":["assets/image/wallet.png"],"assets/image/wallet_bonus.png":["assets/image/wallet_bonus.png"],"assets/image/wallet_icon.png":["assets/image/wallet_icon.png"],"assets/image/wallet_pay.png":["assets/image/wallet_pay.png"],"assets/image/wallet_profile.png":["assets/image/wallet_profile.png"],"assets/image/warning.png":["assets/image/warning.png"],"assets/image/warning_icon.png":["assets/image/warning_icon.png"],"assets/image/weather.png":["assets/image/weather.png"],"assets/image/whatsapp_icon.png":["assets/image/whatsapp_icon.png"],"assets/image/work_icon.png":["assets/image/work_icon.png"],"assets/image/your_location_icon.png":["assets/image/your_location_icon.png"],"assets/image/youtube.png":["assets/image/youtube.png"],"assets/language/ar.json":["assets/language/ar.json"],"assets/language/bn.json":["assets/language/bn.json"],"assets/language/en.json":["assets/language/en.json"],"assets/language/es.json":["assets/language/es.json"],"assets/map/dark_map.json":["assets/map/dark_map.json"],"assets/map/light_map.json":["assets/map/light_map.json"],"packages/country_code_picker/flags/ad.png":["packages/country_code_picker/flags/ad.png"],"packages/country_code_picker/flags/ae.png":["packages/country_code_picker/flags/ae.png"],"packages/country_code_picker/flags/af.png":["packages/country_code_picker/flags/af.png"],"packages/country_code_picker/flags/ag.png":["packages/country_code_picker/flags/ag.png"],"packages/country_code_picker/flags/ai.png":["packages/country_code_picker/flags/ai.png"],"packages/country_code_picker/flags/al.png":["packages/country_code_picker/flags/al.png"],"packages/country_code_picker/flags/am.png":["packages/country_code_picker/flags/am.png"],"packages/country_code_picker/flags/an.png":["packages/country_code_picker/flags/an.png"],"packages/country_code_picker/flags/ao.png":["packages/country_code_picker/flags/ao.png"],"packages/country_code_picker/flags/aq.png":["packages/country_code_picker/flags/aq.png"],"packages/country_code_picker/flags/ar.png":["packages/country_code_picker/flags/ar.png"],"packages/country_code_picker/flags/as.png":["packages/country_code_picker/flags/as.png"],"packages/country_code_picker/flags/at.png":["packages/country_code_picker/flags/at.png"],"packages/country_code_picker/flags/au.png":["packages/country_code_picker/flags/au.png"],"packages/country_code_picker/flags/aw.png":["packages/country_code_picker/flags/aw.png"],"packages/country_code_picker/flags/ax.png":["packages/country_code_picker/flags/ax.png"],"packages/country_code_picker/flags/az.png":["packages/country_code_picker/flags/az.png"],"packages/country_code_picker/flags/ba.png":["packages/country_code_picker/flags/ba.png"],"packages/country_code_picker/flags/bb.png":["packages/country_code_picker/flags/bb.png"],"packages/country_code_picker/flags/bd.png":["packages/country_code_picker/flags/bd.png"],"packages/country_code_picker/flags/be.png":["packages/country_code_picker/flags/be.png"],"packages/country_code_picker/flags/bf.png":["packages/country_code_picker/flags/bf.png"],"packages/country_code_picker/flags/bg.png":["packages/country_code_picker/flags/bg.png"],"packages/country_code_picker/flags/bh.png":["packages/country_code_picker/flags/bh.png"],"packages/country_code_picker/flags/bi.png":["packages/country_code_picker/flags/bi.png"],"packages/country_code_picker/flags/bj.png":["packages/country_code_picker/flags/bj.png"],"packages/country_code_picker/flags/bl.png":["packages/country_code_picker/flags/bl.png"],"packages/country_code_picker/flags/bm.png":["packages/country_code_picker/flags/bm.png"],"packages/country_code_picker/flags/bn.png":["packages/country_code_picker/flags/bn.png"],"packages/country_code_picker/flags/bo.png":["packages/country_code_picker/flags/bo.png"],"packages/country_code_picker/flags/bq.png":["packages/country_code_picker/flags/bq.png"],"packages/country_code_picker/flags/br.png":["packages/country_code_picker/flags/br.png"],"packages/country_code_picker/flags/bs.png":["packages/country_code_picker/flags/bs.png"],"packages/country_code_picker/flags/bt.png":["packages/country_code_picker/flags/bt.png"],"packages/country_code_picker/flags/bv.png":["packages/country_code_picker/flags/bv.png"],"packages/country_code_picker/flags/bw.png":["packages/country_code_picker/flags/bw.png"],"packages/country_code_picker/flags/by.png":["packages/country_code_picker/flags/by.png"],"packages/country_code_picker/flags/bz.png":["packages/country_code_picker/flags/bz.png"],"packages/country_code_picker/flags/ca.png":["packages/country_code_picker/flags/ca.png"],"packages/country_code_picker/flags/cc.png":["packages/country_code_picker/flags/cc.png"],"packages/country_code_picker/flags/cd.png":["packages/country_code_picker/flags/cd.png"],"packages/country_code_picker/flags/cf.png":["packages/country_code_picker/flags/cf.png"],"packages/country_code_picker/flags/cg.png":["packages/country_code_picker/flags/cg.png"],"packages/country_code_picker/flags/ch.png":["packages/country_code_picker/flags/ch.png"],"packages/country_code_picker/flags/ci.png":["packages/country_code_picker/flags/ci.png"],"packages/country_code_picker/flags/ck.png":["packages/country_code_picker/flags/ck.png"],"packages/country_code_picker/flags/cl.png":["packages/country_code_picker/flags/cl.png"],"packages/country_code_picker/flags/cm.png":["packages/country_code_picker/flags/cm.png"],"packages/country_code_picker/flags/cn.png":["packages/country_code_picker/flags/cn.png"],"packages/country_code_picker/flags/co.png":["packages/country_code_picker/flags/co.png"],"packages/country_code_picker/flags/cr.png":["packages/country_code_picker/flags/cr.png"],"packages/country_code_picker/flags/cu.png":["packages/country_code_picker/flags/cu.png"],"packages/country_code_picker/flags/cv.png":["packages/country_code_picker/flags/cv.png"],"packages/country_code_picker/flags/cw.png":["packages/country_code_picker/flags/cw.png"],"packages/country_code_picker/flags/cx.png":["packages/country_code_picker/flags/cx.png"],"packages/country_code_picker/flags/cy.png":["packages/country_code_picker/flags/cy.png"],"packages/country_code_picker/flags/cz.png":["packages/country_code_picker/flags/cz.png"],"packages/country_code_picker/flags/de.png":["packages/country_code_picker/flags/de.png"],"packages/country_code_picker/flags/dj.png":["packages/country_code_picker/flags/dj.png"],"packages/country_code_picker/flags/dk.png":["packages/country_code_picker/flags/dk.png"],"packages/country_code_picker/flags/dm.png":["packages/country_code_picker/flags/dm.png"],"packages/country_code_picker/flags/do.png":["packages/country_code_picker/flags/do.png"],"packages/country_code_picker/flags/dz.png":["packages/country_code_picker/flags/dz.png"],"packages/country_code_picker/flags/ec.png":["packages/country_code_picker/flags/ec.png"],"packages/country_code_picker/flags/ee.png":["packages/country_code_picker/flags/ee.png"],"packages/country_code_picker/flags/eg.png":["packages/country_code_picker/flags/eg.png"],"packages/country_code_picker/flags/eh.png":["packages/country_code_picker/flags/eh.png"],"packages/country_code_picker/flags/er.png":["packages/country_code_picker/flags/er.png"],"packages/country_code_picker/flags/es.png":["packages/country_code_picker/flags/es.png"],"packages/country_code_picker/flags/et.png":["packages/country_code_picker/flags/et.png"],"packages/country_code_picker/flags/eu.png":["packages/country_code_picker/flags/eu.png"],"packages/country_code_picker/flags/fi.png":["packages/country_code_picker/flags/fi.png"],"packages/country_code_picker/flags/fj.png":["packages/country_code_picker/flags/fj.png"],"packages/country_code_picker/flags/fk.png":["packages/country_code_picker/flags/fk.png"],"packages/country_code_picker/flags/fm.png":["packages/country_code_picker/flags/fm.png"],"packages/country_code_picker/flags/fo.png":["packages/country_code_picker/flags/fo.png"],"packages/country_code_picker/flags/fr.png":["packages/country_code_picker/flags/fr.png"],"packages/country_code_picker/flags/ga.png":["packages/country_code_picker/flags/ga.png"],"packages/country_code_picker/flags/gb-eng.png":["packages/country_code_picker/flags/gb-eng.png"],"packages/country_code_picker/flags/gb-nir.png":["packages/country_code_picker/flags/gb-nir.png"],"packages/country_code_picker/flags/gb-sct.png":["packages/country_code_picker/flags/gb-sct.png"],"packages/country_code_picker/flags/gb-wls.png":["packages/country_code_picker/flags/gb-wls.png"],"packages/country_code_picker/flags/gb.png":["packages/country_code_picker/flags/gb.png"],"packages/country_code_picker/flags/gd.png":["packages/country_code_picker/flags/gd.png"],"packages/country_code_picker/flags/ge.png":["packages/country_code_picker/flags/ge.png"],"packages/country_code_picker/flags/gf.png":["packages/country_code_picker/flags/gf.png"],"packages/country_code_picker/flags/gg.png":["packages/country_code_picker/flags/gg.png"],"packages/country_code_picker/flags/gh.png":["packages/country_code_picker/flags/gh.png"],"packages/country_code_picker/flags/gi.png":["packages/country_code_picker/flags/gi.png"],"packages/country_code_picker/flags/gl.png":["packages/country_code_picker/flags/gl.png"],"packages/country_code_picker/flags/gm.png":["packages/country_code_picker/flags/gm.png"],"packages/country_code_picker/flags/gn.png":["packages/country_code_picker/flags/gn.png"],"packages/country_code_picker/flags/gp.png":["packages/country_code_picker/flags/gp.png"],"packages/country_code_picker/flags/gq.png":["packages/country_code_picker/flags/gq.png"],"packages/country_code_picker/flags/gr.png":["packages/country_code_picker/flags/gr.png"],"packages/country_code_picker/flags/gs.png":["packages/country_code_picker/flags/gs.png"],"packages/country_code_picker/flags/gt.png":["packages/country_code_picker/flags/gt.png"],"packages/country_code_picker/flags/gu.png":["packages/country_code_picker/flags/gu.png"],"packages/country_code_picker/flags/gw.png":["packages/country_code_picker/flags/gw.png"],"packages/country_code_picker/flags/gy.png":["packages/country_code_picker/flags/gy.png"],"packages/country_code_picker/flags/hk.png":["packages/country_code_picker/flags/hk.png"],"packages/country_code_picker/flags/hm.png":["packages/country_code_picker/flags/hm.png"],"packages/country_code_picker/flags/hn.png":["packages/country_code_picker/flags/hn.png"],"packages/country_code_picker/flags/hr.png":["packages/country_code_picker/flags/hr.png"],"packages/country_code_picker/flags/ht.png":["packages/country_code_picker/flags/ht.png"],"packages/country_code_picker/flags/hu.png":["packages/country_code_picker/flags/hu.png"],"packages/country_code_picker/flags/id.png":["packages/country_code_picker/flags/id.png"],"packages/country_code_picker/flags/ie.png":["packages/country_code_picker/flags/ie.png"],"packages/country_code_picker/flags/il.png":["packages/country_code_picker/flags/il.png"],"packages/country_code_picker/flags/im.png":["packages/country_code_picker/flags/im.png"],"packages/country_code_picker/flags/in.png":["packages/country_code_picker/flags/in.png"],"packages/country_code_picker/flags/io.png":["packages/country_code_picker/flags/io.png"],"packages/country_code_picker/flags/iq.png":["packages/country_code_picker/flags/iq.png"],"packages/country_code_picker/flags/ir.png":["packages/country_code_picker/flags/ir.png"],"packages/country_code_picker/flags/is.png":["packages/country_code_picker/flags/is.png"],"packages/country_code_picker/flags/it.png":["packages/country_code_picker/flags/it.png"],"packages/country_code_picker/flags/je.png":["packages/country_code_picker/flags/je.png"],"packages/country_code_picker/flags/jm.png":["packages/country_code_picker/flags/jm.png"],"packages/country_code_picker/flags/jo.png":["packages/country_code_picker/flags/jo.png"],"packages/country_code_picker/flags/jp.png":["packages/country_code_picker/flags/jp.png"],"packages/country_code_picker/flags/ke.png":["packages/country_code_picker/flags/ke.png"],"packages/country_code_picker/flags/kg.png":["packages/country_code_picker/flags/kg.png"],"packages/country_code_picker/flags/kh.png":["packages/country_code_picker/flags/kh.png"],"packages/country_code_picker/flags/ki.png":["packages/country_code_picker/flags/ki.png"],"packages/country_code_picker/flags/km.png":["packages/country_code_picker/flags/km.png"],"packages/country_code_picker/flags/kn.png":["packages/country_code_picker/flags/kn.png"],"packages/country_code_picker/flags/kp.png":["packages/country_code_picker/flags/kp.png"],"packages/country_code_picker/flags/kr.png":["packages/country_code_picker/flags/kr.png"],"packages/country_code_picker/flags/kw.png":["packages/country_code_picker/flags/kw.png"],"packages/country_code_picker/flags/ky.png":["packages/country_code_picker/flags/ky.png"],"packages/country_code_picker/flags/kz.png":["packages/country_code_picker/flags/kz.png"],"packages/country_code_picker/flags/la.png":["packages/country_code_picker/flags/la.png"],"packages/country_code_picker/flags/lb.png":["packages/country_code_picker/flags/lb.png"],"packages/country_code_picker/flags/lc.png":["packages/country_code_picker/flags/lc.png"],"packages/country_code_picker/flags/li.png":["packages/country_code_picker/flags/li.png"],"packages/country_code_picker/flags/lk.png":["packages/country_code_picker/flags/lk.png"],"packages/country_code_picker/flags/lr.png":["packages/country_code_picker/flags/lr.png"],"packages/country_code_picker/flags/ls.png":["packages/country_code_picker/flags/ls.png"],"packages/country_code_picker/flags/lt.png":["packages/country_code_picker/flags/lt.png"],"packages/country_code_picker/flags/lu.png":["packages/country_code_picker/flags/lu.png"],"packages/country_code_picker/flags/lv.png":["packages/country_code_picker/flags/lv.png"],"packages/country_code_picker/flags/ly.png":["packages/country_code_picker/flags/ly.png"],"packages/country_code_picker/flags/ma.png":["packages/country_code_picker/flags/ma.png"],"packages/country_code_picker/flags/mc.png":["packages/country_code_picker/flags/mc.png"],"packages/country_code_picker/flags/md.png":["packages/country_code_picker/flags/md.png"],"packages/country_code_picker/flags/me.png":["packages/country_code_picker/flags/me.png"],"packages/country_code_picker/flags/mf.png":["packages/country_code_picker/flags/mf.png"],"packages/country_code_picker/flags/mg.png":["packages/country_code_picker/flags/mg.png"],"packages/country_code_picker/flags/mh.png":["packages/country_code_picker/flags/mh.png"],"packages/country_code_picker/flags/mk.png":["packages/country_code_picker/flags/mk.png"],"packages/country_code_picker/flags/ml.png":["packages/country_code_picker/flags/ml.png"],"packages/country_code_picker/flags/mm.png":["packages/country_code_picker/flags/mm.png"],"packages/country_code_picker/flags/mn.png":["packages/country_code_picker/flags/mn.png"],"packages/country_code_picker/flags/mo.png":["packages/country_code_picker/flags/mo.png"],"packages/country_code_picker/flags/mp.png":["packages/country_code_picker/flags/mp.png"],"packages/country_code_picker/flags/mq.png":["packages/country_code_picker/flags/mq.png"],"packages/country_code_picker/flags/mr.png":["packages/country_code_picker/flags/mr.png"],"packages/country_code_picker/flags/ms.png":["packages/country_code_picker/flags/ms.png"],"packages/country_code_picker/flags/mt.png":["packages/country_code_picker/flags/mt.png"],"packages/country_code_picker/flags/mu.png":["packages/country_code_picker/flags/mu.png"],"packages/country_code_picker/flags/mv.png":["packages/country_code_picker/flags/mv.png"],"packages/country_code_picker/flags/mw.png":["packages/country_code_picker/flags/mw.png"],"packages/country_code_picker/flags/mx.png":["packages/country_code_picker/flags/mx.png"],"packages/country_code_picker/flags/my.png":["packages/country_code_picker/flags/my.png"],"packages/country_code_picker/flags/mz.png":["packages/country_code_picker/flags/mz.png"],"packages/country_code_picker/flags/na.png":["packages/country_code_picker/flags/na.png"],"packages/country_code_picker/flags/nc.png":["packages/country_code_picker/flags/nc.png"],"packages/country_code_picker/flags/ne.png":["packages/country_code_picker/flags/ne.png"],"packages/country_code_picker/flags/nf.png":["packages/country_code_picker/flags/nf.png"],"packages/country_code_picker/flags/ng.png":["packages/country_code_picker/flags/ng.png"],"packages/country_code_picker/flags/ni.png":["packages/country_code_picker/flags/ni.png"],"packages/country_code_picker/flags/nl.png":["packages/country_code_picker/flags/nl.png"],"packages/country_code_picker/flags/no.png":["packages/country_code_picker/flags/no.png"],"packages/country_code_picker/flags/np.png":["packages/country_code_picker/flags/np.png"],"packages/country_code_picker/flags/nr.png":["packages/country_code_picker/flags/nr.png"],"packages/country_code_picker/flags/nu.png":["packages/country_code_picker/flags/nu.png"],"packages/country_code_picker/flags/nz.png":["packages/country_code_picker/flags/nz.png"],"packages/country_code_picker/flags/om.png":["packages/country_code_picker/flags/om.png"],"packages/country_code_picker/flags/pa.png":["packages/country_code_picker/flags/pa.png"],"packages/country_code_picker/flags/pe.png":["packages/country_code_picker/flags/pe.png"],"packages/country_code_picker/flags/pf.png":["packages/country_code_picker/flags/pf.png"],"packages/country_code_picker/flags/pg.png":["packages/country_code_picker/flags/pg.png"],"packages/country_code_picker/flags/ph.png":["packages/country_code_picker/flags/ph.png"],"packages/country_code_picker/flags/pk.png":["packages/country_code_picker/flags/pk.png"],"packages/country_code_picker/flags/pl.png":["packages/country_code_picker/flags/pl.png"],"packages/country_code_picker/flags/pm.png":["packages/country_code_picker/flags/pm.png"],"packages/country_code_picker/flags/pn.png":["packages/country_code_picker/flags/pn.png"],"packages/country_code_picker/flags/pr.png":["packages/country_code_picker/flags/pr.png"],"packages/country_code_picker/flags/ps.png":["packages/country_code_picker/flags/ps.png"],"packages/country_code_picker/flags/pt.png":["packages/country_code_picker/flags/pt.png"],"packages/country_code_picker/flags/pw.png":["packages/country_code_picker/flags/pw.png"],"packages/country_code_picker/flags/py.png":["packages/country_code_picker/flags/py.png"],"packages/country_code_picker/flags/qa.png":["packages/country_code_picker/flags/qa.png"],"packages/country_code_picker/flags/re.png":["packages/country_code_picker/flags/re.png"],"packages/country_code_picker/flags/ro.png":["packages/country_code_picker/flags/ro.png"],"packages/country_code_picker/flags/rs.png":["packages/country_code_picker/flags/rs.png"],"packages/country_code_picker/flags/ru.png":["packages/country_code_picker/flags/ru.png"],"packages/country_code_picker/flags/rw.png":["packages/country_code_picker/flags/rw.png"],"packages/country_code_picker/flags/sa.png":["packages/country_code_picker/flags/sa.png"],"packages/country_code_picker/flags/sb.png":["packages/country_code_picker/flags/sb.png"],"packages/country_code_picker/flags/sc.png":["packages/country_code_picker/flags/sc.png"],"packages/country_code_picker/flags/sd.png":["packages/country_code_picker/flags/sd.png"],"packages/country_code_picker/flags/se.png":["packages/country_code_picker/flags/se.png"],"packages/country_code_picker/flags/sg.png":["packages/country_code_picker/flags/sg.png"],"packages/country_code_picker/flags/sh.png":["packages/country_code_picker/flags/sh.png"],"packages/country_code_picker/flags/si.png":["packages/country_code_picker/flags/si.png"],"packages/country_code_picker/flags/sj.png":["packages/country_code_picker/flags/sj.png"],"packages/country_code_picker/flags/sk.png":["packages/country_code_picker/flags/sk.png"],"packages/country_code_picker/flags/sl.png":["packages/country_code_picker/flags/sl.png"],"packages/country_code_picker/flags/sm.png":["packages/country_code_picker/flags/sm.png"],"packages/country_code_picker/flags/sn.png":["packages/country_code_picker/flags/sn.png"],"packages/country_code_picker/flags/so.png":["packages/country_code_picker/flags/so.png"],"packages/country_code_picker/flags/sr.png":["packages/country_code_picker/flags/sr.png"],"packages/country_code_picker/flags/ss.png":["packages/country_code_picker/flags/ss.png"],"packages/country_code_picker/flags/st.png":["packages/country_code_picker/flags/st.png"],"packages/country_code_picker/flags/sv.png":["packages/country_code_picker/flags/sv.png"],"packages/country_code_picker/flags/sx.png":["packages/country_code_picker/flags/sx.png"],"packages/country_code_picker/flags/sy.png":["packages/country_code_picker/flags/sy.png"],"packages/country_code_picker/flags/sz.png":["packages/country_code_picker/flags/sz.png"],"packages/country_code_picker/flags/tc.png":["packages/country_code_picker/flags/tc.png"],"packages/country_code_picker/flags/td.png":["packages/country_code_picker/flags/td.png"],"packages/country_code_picker/flags/tf.png":["packages/country_code_picker/flags/tf.png"],"packages/country_code_picker/flags/tg.png":["packages/country_code_picker/flags/tg.png"],"packages/country_code_picker/flags/th.png":["packages/country_code_picker/flags/th.png"],"packages/country_code_picker/flags/tj.png":["packages/country_code_picker/flags/tj.png"],"packages/country_code_picker/flags/tk.png":["packages/country_code_picker/flags/tk.png"],"packages/country_code_picker/flags/tl.png":["packages/country_code_picker/flags/tl.png"],"packages/country_code_picker/flags/tm.png":["packages/country_code_picker/flags/tm.png"],"packages/country_code_picker/flags/tn.png":["packages/country_code_picker/flags/tn.png"],"packages/country_code_picker/flags/to.png":["packages/country_code_picker/flags/to.png"],"packages/country_code_picker/flags/tr.png":["packages/country_code_picker/flags/tr.png"],"packages/country_code_picker/flags/tt.png":["packages/country_code_picker/flags/tt.png"],"packages/country_code_picker/flags/tv.png":["packages/country_code_picker/flags/tv.png"],"packages/country_code_picker/flags/tw.png":["packages/country_code_picker/flags/tw.png"],"packages/country_code_picker/flags/tz.png":["packages/country_code_picker/flags/tz.png"],"packages/country_code_picker/flags/ua.png":["packages/country_code_picker/flags/ua.png"],"packages/country_code_picker/flags/ug.png":["packages/country_code_picker/flags/ug.png"],"packages/country_code_picker/flags/um.png":["packages/country_code_picker/flags/um.png"],"packages/country_code_picker/flags/us.png":["packages/country_code_picker/flags/us.png"],"packages/country_code_picker/flags/uy.png":["packages/country_code_picker/flags/uy.png"],"packages/country_code_picker/flags/uz.png":["packages/country_code_picker/flags/uz.png"],"packages/country_code_picker/flags/va.png":["packages/country_code_picker/flags/va.png"],"packages/country_code_picker/flags/vc.png":["packages/country_code_picker/flags/vc.png"],"packages/country_code_picker/flags/ve.png":["packages/country_code_picker/flags/ve.png"],"packages/country_code_picker/flags/vg.png":["packages/country_code_picker/flags/vg.png"],"packages/country_code_picker/flags/vi.png":["packages/country_code_picker/flags/vi.png"],"packages/country_code_picker/flags/vn.png":["packages/country_code_picker/flags/vn.png"],"packages/country_code_picker/flags/vu.png":["packages/country_code_picker/flags/vu.png"],"packages/country_code_picker/flags/wf.png":["packages/country_code_picker/flags/wf.png"],"packages/country_code_picker/flags/ws.png":["packages/country_code_picker/flags/ws.png"],"packages/country_code_picker/flags/xk.png":["packages/country_code_picker/flags/xk.png"],"packages/country_code_picker/flags/ye.png":["packages/country_code_picker/flags/ye.png"],"packages/country_code_picker/flags/yt.png":["packages/country_code_picker/flags/yt.png"],"packages/country_code_picker/flags/za.png":["packages/country_code_picker/flags/za.png"],"packages/country_code_picker/flags/zm.png":["packages/country_code_picker/flags/zm.png"],"packages/country_code_picker/flags/zw.png":["packages/country_code_picker/flags/zw.png"],"packages/country_code_picker/src/i18n/af.json":["packages/country_code_picker/src/i18n/af.json"],"packages/country_code_picker/src/i18n/am.json":["packages/country_code_picker/src/i18n/am.json"],"packages/country_code_picker/src/i18n/ar.json":["packages/country_code_picker/src/i18n/ar.json"],"packages/country_code_picker/src/i18n/az.json":["packages/country_code_picker/src/i18n/az.json"],"packages/country_code_picker/src/i18n/be.json":["packages/country_code_picker/src/i18n/be.json"],"packages/country_code_picker/src/i18n/bg.json":["packages/country_code_picker/src/i18n/bg.json"],"packages/country_code_picker/src/i18n/bn.json":["packages/country_code_picker/src/i18n/bn.json"],"packages/country_code_picker/src/i18n/bs.json":["packages/country_code_picker/src/i18n/bs.json"],"packages/country_code_picker/src/i18n/ca.json":["packages/country_code_picker/src/i18n/ca.json"],"packages/country_code_picker/src/i18n/cs.json":["packages/country_code_picker/src/i18n/cs.json"],"packages/country_code_picker/src/i18n/da.json":["packages/country_code_picker/src/i18n/da.json"],"packages/country_code_picker/src/i18n/de.json":["packages/country_code_picker/src/i18n/de.json"],"packages/country_code_picker/src/i18n/el.json":["packages/country_code_picker/src/i18n/el.json"],"packages/country_code_picker/src/i18n/en.json":["packages/country_code_picker/src/i18n/en.json"],"packages/country_code_picker/src/i18n/es.json":["packages/country_code_picker/src/i18n/es.json"],"packages/country_code_picker/src/i18n/et.json":["packages/country_code_picker/src/i18n/et.json"],"packages/country_code_picker/src/i18n/fa.json":["packages/country_code_picker/src/i18n/fa.json"],"packages/country_code_picker/src/i18n/fi.json":["packages/country_code_picker/src/i18n/fi.json"],"packages/country_code_picker/src/i18n/fr.json":["packages/country_code_picker/src/i18n/fr.json"],"packages/country_code_picker/src/i18n/gl.json":["packages/country_code_picker/src/i18n/gl.json"],"packages/country_code_picker/src/i18n/ha.json":["packages/country_code_picker/src/i18n/ha.json"],"packages/country_code_picker/src/i18n/he.json":["packages/country_code_picker/src/i18n/he.json"],"packages/country_code_picker/src/i18n/hi.json":["packages/country_code_picker/src/i18n/hi.json"],"packages/country_code_picker/src/i18n/hr.json":["packages/country_code_picker/src/i18n/hr.json"],"packages/country_code_picker/src/i18n/hu.json":["packages/country_code_picker/src/i18n/hu.json"],"packages/country_code_picker/src/i18n/hy.json":["packages/country_code_picker/src/i18n/hy.json"],"packages/country_code_picker/src/i18n/id.json":["packages/country_code_picker/src/i18n/id.json"],"packages/country_code_picker/src/i18n/is.json":["packages/country_code_picker/src/i18n/is.json"],"packages/country_code_picker/src/i18n/it.json":["packages/country_code_picker/src/i18n/it.json"],"packages/country_code_picker/src/i18n/ja.json":["packages/country_code_picker/src/i18n/ja.json"],"packages/country_code_picker/src/i18n/ka.json":["packages/country_code_picker/src/i18n/ka.json"],"packages/country_code_picker/src/i18n/kk.json":["packages/country_code_picker/src/i18n/kk.json"],"packages/country_code_picker/src/i18n/km.json":["packages/country_code_picker/src/i18n/km.json"],"packages/country_code_picker/src/i18n/ko.json":["packages/country_code_picker/src/i18n/ko.json"],"packages/country_code_picker/src/i18n/ku.json":["packages/country_code_picker/src/i18n/ku.json"],"packages/country_code_picker/src/i18n/ky.json":["packages/country_code_picker/src/i18n/ky.json"],"packages/country_code_picker/src/i18n/lt.json":["packages/country_code_picker/src/i18n/lt.json"],"packages/country_code_picker/src/i18n/lv.json":["packages/country_code_picker/src/i18n/lv.json"],"packages/country_code_picker/src/i18n/mk.json":["packages/country_code_picker/src/i18n/mk.json"],"packages/country_code_picker/src/i18n/ml.json":["packages/country_code_picker/src/i18n/ml.json"],"packages/country_code_picker/src/i18n/mn.json":["packages/country_code_picker/src/i18n/mn.json"],"packages/country_code_picker/src/i18n/ms.json":["packages/country_code_picker/src/i18n/ms.json"],"packages/country_code_picker/src/i18n/nb.json":["packages/country_code_picker/src/i18n/nb.json"],"packages/country_code_picker/src/i18n/nl.json":["packages/country_code_picker/src/i18n/nl.json"],"packages/country_code_picker/src/i18n/nn.json":["packages/country_code_picker/src/i18n/nn.json"],"packages/country_code_picker/src/i18n/no.json":["packages/country_code_picker/src/i18n/no.json"],"packages/country_code_picker/src/i18n/pl.json":["packages/country_code_picker/src/i18n/pl.json"],"packages/country_code_picker/src/i18n/ps.json":["packages/country_code_picker/src/i18n/ps.json"],"packages/country_code_picker/src/i18n/pt.json":["packages/country_code_picker/src/i18n/pt.json"],"packages/country_code_picker/src/i18n/ro.json":["packages/country_code_picker/src/i18n/ro.json"],"packages/country_code_picker/src/i18n/ru.json":["packages/country_code_picker/src/i18n/ru.json"],"packages/country_code_picker/src/i18n/sd.json":["packages/country_code_picker/src/i18n/sd.json"],"packages/country_code_picker/src/i18n/sk.json":["packages/country_code_picker/src/i18n/sk.json"],"packages/country_code_picker/src/i18n/sl.json":["packages/country_code_picker/src/i18n/sl.json"],"packages/country_code_picker/src/i18n/so.json":["packages/country_code_picker/src/i18n/so.json"],"packages/country_code_picker/src/i18n/sq.json":["packages/country_code_picker/src/i18n/sq.json"],"packages/country_code_picker/src/i18n/sr.json":["packages/country_code_picker/src/i18n/sr.json"],"packages/country_code_picker/src/i18n/sv.json":["packages/country_code_picker/src/i18n/sv.json"],"packages/country_code_picker/src/i18n/ta.json":["packages/country_code_picker/src/i18n/ta.json"],"packages/country_code_picker/src/i18n/tg.json":["packages/country_code_picker/src/i18n/tg.json"],"packages/country_code_picker/src/i18n/th.json":["packages/country_code_picker/src/i18n/th.json"],"packages/country_code_picker/src/i18n/tr.json":["packages/country_code_picker/src/i18n/tr.json"],"packages/country_code_picker/src/i18n/tt.json":["packages/country_code_picker/src/i18n/tt.json"],"packages/country_code_picker/src/i18n/ug.json":["packages/country_code_picker/src/i18n/ug.json"],"packages/country_code_picker/src/i18n/uk.json":["packages/country_code_picker/src/i18n/uk.json"],"packages/country_code_picker/src/i18n/ur.json":["packages/country_code_picker/src/i18n/ur.json"],"packages/country_code_picker/src/i18n/uz.json":["packages/country_code_picker/src/i18n/uz.json"],"packages/country_code_picker/src/i18n/vi.json":["packages/country_code_picker/src/i18n/vi.json"],"packages/country_code_picker/src/i18n/zh.json":["packages/country_code_picker/src/i18n/zh.json"],"packages/cupertino_icons/assets/CupertinoIcons.ttf":["packages/cupertino_icons/assets/CupertinoIcons.ttf"],"packages/flutter_image_compress_web/assets/pica.min.js":["packages/flutter_image_compress_web/assets/pica.min.js"],"packages/flutter_inappwebview/assets/t_rex_runner/t-rex.css":["packages/flutter_inappwebview/assets/t_rex_runner/t-rex.css"],"packages/flutter_inappwebview/assets/t_rex_runner/t-rex.html":["packages/flutter_inappwebview/assets/t_rex_runner/t-rex.html"],"packages/flutter_inappwebview_web/assets/web/web_support.js":["packages/flutter_inappwebview_web/assets/web/web_support.js"],"packages/fluttertoast/assets/toastify.css":["packages/fluttertoast/assets/toastify.css"],"packages/fluttertoast/assets/toastify.js":["packages/fluttertoast/assets/toastify.js"],"packages/wakelock_plus/assets/no_sleep.js":["packages/wakelock_plus/assets/no_sleep.js"]}